,Company,Contact,Country,Price,Item
0,Trendy Threads,43343290380,Qatar,41177в‚Ѕ,distribution
1,Modern Maven,53648526891,Iraq,56507в‚Ѕ,opinion
2,Body Bliss,83450868259,Czech Republic,50058в‚Ѕ,signature
3,Trendy Threads,8540785263,Benin,66436в‚Ѕ,tennis
4,Elegant Ensembles,8931918476,Laos,93485в‚Ѕ,nature
5,Haute Hues,82596039874,Chad,66040в‚Ѕ,revenue
6,Fine Fabrics,1163046741,Croatia,54678в‚Ѕ,distribution
7,Lash Lounge,1508048849,Guinea,17588в‚Ѕ,concept
8,Nail Nook,50645508481,Barbados,16758в‚Ѕ,signature
9,Fashion Fusion,47547813249,Mauritania,69278в‚Ѕ,awareness
10,Refined Rags,34868992667,Nigeria,96645в‚Ѕ,republic
11,Trendy Threads,83398416579,Lesotho,64730в‚Ѕ,definition
12,Refined Rags,18100133730,South Africa,35631в‚Ѕ,family
13,Elite Elegance,61142005199,Morocco,63816в‚Ѕ,pizza
14,Nail Nook,36198676920,Togo,22639в‚Ѕ,administration
15,Refined Rags,12341995400,Maldives,66582в‚Ѕ,entry
16,Fashion Fusion,57768970782,Namibia,57359в‚Ѕ,explanation
17,Brow Boosters,55856420226,Latvia,32344в‚Ѕ,injury
18,Classy Chic,97303526159,Kyrgyzstan,26483в‚Ѕ,hair
19,Makeup Maven,60661532131,Egypt,23470в‚Ѕ,selection
20,Stylish Silhouettes,11694339153,Papua New Guinea,31721в‚Ѕ,topic
21,Elite Elegance,64351202551,Comoros,90196в‚Ѕ,truth
22,Glow Getter,96500076312,Costa Rica,96902в‚Ѕ,tennis
23,Classy Collections,97636721182,Niger,42118в‚Ѕ,death
24,Chic Couture,33888031052,Greece,68585в‚Ѕ,refrigerator
25,Salon Suites,41739309925,Mauritius,46160в‚Ѕ,language
26,Classy Chic,12757219410,Saint Kitts and Nevis,54338в‚Ѕ,thanks
27,Fine Fabrics,44514223864,Nicaragua,13258в‚Ѕ,basket
28,Fashion Forward,36674927297,Estonia,88961в‚Ѕ,development
29,Modish Mannequins,64197823540,Togo,85013в‚Ѕ,ladder
30,Beauty Bar,76444531822,Dominican Republic,14996в‚Ѕ,fishing
31,Brow Boosters,63790397989,Kiribati,33052в‚Ѕ,construction
32,Fashion Forward,330925701,Denmark,11306в‚Ѕ,dealer
33,Smart Styles,718827851,Trinidad and Tobago,58677в‚Ѕ,thanks
34,Dapper Designs,38678134534,Saudi Arabia,35877в‚Ѕ,mixture
35,Refined Rags,52726329327,Tunisia,40755в‚Ѕ,agreement
36,Sleek Styles,16358519166,Vietnam,97071в‚Ѕ,awareness
37,Sophisticated Sewing,38555378410,Slovenia,29409в‚Ѕ,wood
38,Smart Styles,4876884484,Iceland,34610в‚Ѕ,advice
39,Sophisticated Sewing,86631030938,Saint Vincent and the Grenadines,29577в‚Ѕ,definition
40,Sophisticated Sewing,78745141042,Mozambique,62235в‚Ѕ,hat
41,Refined Rags,56805670954,India,43810в‚Ѕ,development
42,Elite Elegance,13579791546,Gabon,77934в‚Ѕ,assumption
43,Lash Lounge,11571502488,Pakistan,98888в‚Ѕ,thanks
44,Makeup Maven,77830755871,Finland,61675в‚Ѕ,fishing
45,Body Bliss,18427726436,China,29432в‚Ѕ,language
46,Trendsetting Tailors,97435048550,Argentina,48860в‚Ѕ,dealer
47,Posh Patterns,58271973701,Kosovo,66585в‚Ѕ,mode
48,Crisp Creations,68410482207,Comoros,31302в‚Ѕ,topic
49,Chic Boutique,83128976491,Chile,79530в‚Ѕ,affair
50,Fashion Forward,92240390785,Guatemala,62370в‚Ѕ,advertising
51,Fashion Forward,64634458297,Togo,78305в‚Ѕ,hair
52,Fine Fabrics,73780707072,Philippines,99344в‚Ѕ,tennis
53,Body Bliss,43574097426,Sweden,30691в‚Ѕ,tennis
54,Trendsetting Tailors,58877119225,Sri Lanka,54176в‚Ѕ,advice
55,Crisp Creations,2592660476,Panama,17602в‚Ѕ,oven
56,Glamour Galore,13756622418,Lithuania,85063в‚Ѕ,signature
57,Sophisticated Sewing,52907952584,United States of America,50509в‚Ѕ,indication
